<?xml version="1.0" encoding="UTF-8"?>
<project-private xmlns="http://www.netbeans.org/ns/project-private/1">
    <editor-bookmarks xmlns="http://www.netbeans.org/ns/editor-bookmarks/2" lastBookmarkId="0"/>
    <open-files xmlns="http://www.netbeans.org/ns/projectui-open-files/2">
        <group/>
        <group name="J2ME Projects">
            <file>file:/C:/Users/Houssem%20Eddine/Documents/NetBeansProjects/J2ME%20Projects/MobileApplicationParsingXML/src/mobileapplicationparsingxml/MidletParsingXml.java</file>
            <file>file:/C:/Users/Houssem%20Eddine/Documents/NetBeansProjects/J2ME%20Projects/MobileApplicationParsingXML/src/mobileapplicationparsingxml/Personne.java</file>
            <file>file:/C:/Users/Houssem%20Eddine/Documents/NetBeansProjects/J2ME%20Projects/MobileApplicationParsingXML/src/mobileapplicationparsingxml/MidletAjout.java</file>
            <file>file:/C:/Users/Houssem%20Eddine/Documents/NetBeansProjects/J2ME%20Projects/MobileApplicationParsingXML/src/mobileapplicationparsingxml/PersonneHandler.java</file>
        </group>
        <group name="Java Projects">
            <file>file:/C:/Users/Houssem%20Eddine/Documents/NetBeansProjects/J2ME%20Projects/MobileApplicationParsingXML/src/mobileapplicationparsingxml/MidletAjout.java</file>
            <file>file:/C:/Users/Houssem%20Eddine/Documents/NetBeansProjects/J2ME%20Projects/MobileApplicationParsingXML/src/mobileapplicationparsingxml/MidletParsingXml.java</file>
            <file>file:/C:/Users/Houssem%20Eddine/Documents/NetBeansProjects/J2ME%20Projects/MobileApplicationParsingXML/src/mobileapplicationparsingxml/Personne.java</file>
            <file>file:/C:/Users/Houssem%20Eddine/Documents/NetBeansProjects/J2ME%20Projects/MobileApplicationParsingXML/src/mobileapplicationparsingxml/PersonneHandler.java</file>
        </group>
    </open-files>
</project-private>
